size_bucket,count,mean,median
large_buy,5341,0.04143098737015954,0.017180149878287976
normal_buy,10574,0.039550864977624244,0.020101128919781996
